event_id,type,time,rel_0_objectId,rel_0_qualifier,rel_1_objectId,rel_1_qualifier,rel_2_objectId,rel_2_qualifier,attr_0_name,attr_0_value
C_kwDOABUiotoAKGM0Y2NhZjI3NmFlMWY4ODAzYWRlZWRkNWRkMmI3ZWMzOGE4YTM5ODQ,commit,2025-07-22T16:26:27Z,N R Navaneet,authored-by,c4ccaf276ae1f8803adeedd5dd2b7ec38a8a3984,sha,30343,committed-to-pull_request,,
LE_lADOABUios7B6iVszwAAAARd-SDt,add_label,2025-07-22T16:33:35Z,github-actions[bot],authored-by,30343,labeled-on-pull_request,,,label,Documentation: devdocs
IC_kwDOABUios64_2Oc,comment_pull_request,2025-07-22T16:35:53Z,N R Navaneet,commented-by,30343,on-pull-request,,,comment,"Hi, ive tried to find the appropriate links but if u feel they r not or if any other links has to be fixed, kindly lmk :)
Would be happy to fix
"
IC_kwDOABUios64_31C,comment_pull_request,2025-07-22T16:36:44Z,N R Navaneet,commented-by,30343,on-pull-request,,,comment,"BTW these are all the broken links i found
[doc/api/prev_api_changes/api_changes_0.71.rst]:
[404] http://sourceforge.net/mailarchive/forum.php?thread_id=6323208&forum_id=36187 | Rejected status code (this depends on your ""accept"" configuration): Not Found
[404] http://sourceforge.net/mailarchive/forum.php?thread_id=6398890&forum_id=36187 | Rejected status code (this depends on your ""accept"" configuration): Not Found

[doc/api/prev_api_changes/api_changes_0.72.rst]:
[404] http://matplotlib.sf.net/matplotlib.pylab.html#-contour | Rejected status code (this depends on your ""accept"" configuration): Not Found

[doc/api/prev_api_changes/api_changes_0.99.x.rst]:
[ERROR] http://www.voidspace.org.uk/python/configobj.html | Network error: error sending request for url (http://www.voidspace.org.uk/python/configobj.html) Maybe a certificate error?

[doc/devel/document.rst]:
[404] http://matplotlib.org/stable/old_topic/old_info2 | Rejected status code (this depends on your ""accept"" configuration): Not Found

[doc/devel/MEP/MEP10.rst]:
[404] https://github.com/numpy/numpy/blob/master/doc/HOWTO_DOCUMENT.rst.txt | Rejected status code (this depends on your ""accept"" configuration): Not Found

[doc/devel/MEP/MEP11.rst]:
[522] http://grokbase.com/t/python/distutils-sig/109bdnfhp4/distutils-ann-setuptools-post-install-script-for-bdist-wininst | Rejected status code (this depends on your ""accept"" configuration): Unknown status code
[404] https://setuptools.readthedocs.io/en/latest/easy_install.html | Rejected status code (this depends on your ""accept"" configuration): Not Found

[doc/devel/testing.rst]:
[ERROR] http://pypi.testrun.org/ | Network error: error sending request for url (http://pypi.testrun.org/) Maybe a certificate error?

[doc/users/prev_whats_new/changelog.rst]:
[404] http://sourceforge.net/tracker/index.php?func=detail&aid=1587359&group_id=80706&atid=560722 | Rejected status code (this depends on your ""accept"" configuration): Not Found
[404] http://sourceforge.net/tracker/index.php?func=detail&aid=1716732&group_id=80706&atid=560720 | Rejected status code (this depends on your ""accept"" configuration): Not Found
[404] http://sourceforge.net/tracker/index.php?func=detail&aid=1744154&group_id=80706&atid=560720 | Rejected status code (this depends on your ""accept"" configuration): Not Found
[404] http://sourceforge.net/tracker/index.php?func=detail&aid=1866207&group_id=80706&atid=560722 | Rejected status code (this depends on your ""accept"" configuration): Not Found
[404] http://sourceforge.net/tracker/index.php?func=detail&aid=1962574&group_id=80706&atid=560720 | Rejected status code (this depends on your ""accept"" configuration): Not Found
[ERROR] http://www.voidspace.org.uk/python/configobj.html | Network error: error sending request for url (http://www.voidspace.org.uk/python/configobj.html) Maybe a certificate error?
[404] https://sourceforge.net/tracker/index.php?func=detail&aid=1986597&group_id=80706&atid=560720 | Rejected status code (this depends on your ""accept"" configuration): Not Found
[404] https://sourceforge.net/tracker/index.php?func=detail&aid=2823304&group_id=80706&atid=560720 | Rejected status code (this depends on your ""accept"" configuration): Not Found"
3046651707,comment_review,2025-07-23T10:15:09Z,Ruth Comer,commented-by,30343,for-pull-request,,,,
C_kwDOABUiotoAKGRmMTdmZTMwMmY5YTIzM2U5ZmQxMjVmM2U4OTI3ZDRiMDhkY2IwZjA,commit,2025-07-23T10:25:01Z,N R Navaneet,authored-by,df17fe302f9a233e9fd125f3e8927d4b08dcb0f0,sha,30343,committed-to-pull_request,,
IC_kwDOABUios65L32H,comment_pull_request,2025-07-23T10:27:52Z,N R Navaneet,commented-by,30343,on-pull-request,,,comment,"Also, I noticed that some of the other links (like the SourceForge ones) point to older URLs or potentially outdated docs.
Should I go ahead and update those as well, or do we want to keep them as-is for now?
I asked about this in the issue earlier but didn‚Äôt get a response, so just double-checking here."
RRE_lADOABUios7B6iVszwAAAARe2G6g,add_review_request,2025-07-23T10:27:58Z,Ruth Comer,for,N R Navaneet,by,30343,in-pull-request,,
3046795581,comment_review,2025-07-23T11:04:47Z,Ruth Comer,commented-by,30343,for-pull-request,,,,
C_kwDOABUiotoAKDZmMDEzZjcwMTZmZmE2ZTA4YTM4MjYxYjlkM2U1ZmQwMDA0MWY2YmE,commit,2025-07-23T11:37:18Z,N R Navaneet,authored-by,6f013f7016ffa6e08a38261b9d3e5fd00041f6ba,sha,30343,committed-to-pull_request,,
RRE_lADOABUios7B6iVszwAAAARe6xb3,add_review_request,2025-07-23T11:38:42Z,Ruth Comer,for,N R Navaneet,by,30343,in-pull-request,,
3048402347,comment_review,2025-07-23T17:41:35Z,Ruth Comer,commented-by,30343,for-pull-request,,,,
C_kwDOABUiotoAKDA1ZDZkMGNmNmZjMGViMWFhYTc4ODgyMzVhZjJjOTFmN2Q0MmExOTM,commit,2025-07-23T18:07:28Z,GitHub,authored-by,05d6d0cf6fc0eb1aaa7888235af2c91f7d42a193,sha,30343,committed-to-pull_request,,
3048747297,approve_review,2025-07-23T19:37:51Z,Ruth Comer,approved-by,30343,for-pull-request,,,,
ME_lADOABUios7B6iVszwAAAARfdfZM,merge_pull_request,2025-07-23T19:38:51Z,Ruth Comer,authored-by,30343,merged-on-pull_request,,,,
CE_lADOABUios7B6iVszwAAAARfdfZb,close_pull_request,2025-07-23T19:38:51Z,Ruth Comer,authored-by,30343,closed-on-pull_request,,,,
IC_kwDOABUios65Xc8o,comment_pull_request,2025-07-23T19:51:33Z,N R Navaneet,commented-by,30343,on-pull-request,,,comment,"Thats alright :)
Thanks again for suggestions @rcomer .
Kindly lmk if there are any other links I can change from the list or any others."
open_pull_30343,open_pull_request,2025-07-22T16:33:25Z,N R Navaneet,opened-by,30343,for-pull_request,,,,
LE_lADOABUios7BvJGfzwAAAARc7EqC,add_label,2025-07-21T23:31:06Z,Elliott Sales de Andrade,authored-by,30341,labeled-on-pull_request,,,label,Maintenance
C_kwDOABUiotoAKGQxM2YyM2I0MGIzZWMzOGYwZGVlNGMxMjFkYTAwOGEzM2FjMmExYTU,commit,2025-07-22T00:55:50Z,Elliott Sales de Andrade,authored-by,d13f23b40b3ec38f0dee4c121da008a33ac2a1a5,sha,30341,committed-to-pull_request,,
RTE_lADOABUios7BvJGfzwAAAARc_mU-,rename_pull_request,2025-07-22T01:08:50Z,Elliott Sales de Andrade,change-issued-by,30341,for-pull-request,,,renamed-to,ci: Try pinning older vs2022 package for AppVeyor
IC_kwDOABUios64ybR5,comment_pull_request,2025-07-22T01:14:56Z,Elliott Sales de Andrade,commented-by,30341,on-pull-request,,,comment,"OK, that confirms it; it looks like it's reported upstream already: https://github.com/conda-forge/vc-feedstock/issues/102 and should be fixed in build 30: https://github.com/conda-forge/vc-feedstock/pull/104"
CE_lADOABUios7BvJGfzwAAAARc_3BJ,close_pull_request,2025-07-22T01:15:04Z,Elliott Sales de Andrade,authored-by,30341,closed-on-pull_request,,,,
IC_kwDOABUios64ykep,comment_pull_request,2025-07-22T01:26:12Z,Elliott Sales de Andrade,commented-by,30341,on-pull-request,,,comment,"And build 30 does appear to be available, so I triggered rebuilds on the failing PRs."
open_pull_30341,open_pull_request,2025-07-21T23:31:04Z,Elliott Sales de Andrade,opened-by,30341,for-pull_request,,,,
C_kwDOABUiotoAKDgzMmM5MzlmZTY3NWZlMTI4Y2NiZjUwNGFhMmEzZTRiYTM2OGI3ODY,commit,2025-07-21T21:46:02Z,GitHub,authored-by,832c939fe675fe128ccbf504aa2a3e4ba368b786,sha,30340,committed-to-pull_request,,
LE_lADOABUios7BuQpUzwAAAARc17px,add_label,2025-07-21T21:46:03Z,dependabot[bot],authored-by,30340,labeled-on-pull_request,,,label,dependencies
LE_lADOABUios7BuQpUzwAAAARc17p6,add_label,2025-07-21T21:46:03Z,dependabot[bot],authored-by,30340,labeled-on-pull_request,,,label,github_actions
LE_lADOABUios7BuQpUzwAAAARc17sd,add_label,2025-07-21T21:46:04Z,dependabot[bot],authored-by,30340,labeled-on-pull_request,,,label,dependencies
LE_lADOABUios7BuQpUzwAAAARc17s7,add_label,2025-07-21T21:46:05Z,dependabot[bot],authored-by,30340,labeled-on-pull_request,,,label,github_actions
3040182070,approve_review,2025-07-21T23:25:36Z,Elliott Sales de Andrade,approved-by,30340,for-pull-request,,,,
3040625399,approve_review,2025-07-22T02:38:39Z,Thomas A Caswell,approved-by,30340,for-pull-request,,,,
ME_lADOABUios7BuQpUzwAAAARdDemE,merge_pull_request,2025-07-22T02:39:13Z,Thomas A Caswell,authored-by,30340,merged-on-pull_request,,,,
CE_lADOABUios7BuQpUzwAAAARdDemf,close_pull_request,2025-07-22T02:39:14Z,Thomas A Caswell,authored-by,30340,closed-on-pull_request,,,,
open_pull_30340,open_pull_request,2025-07-21T21:46:03Z,dependabot[bot],opened-by,30340,for-pull_request,,,,
C_kwDOABUiotoAKDJlYTkzNzE3MzNmZGFkNzk2OTYyYzAyOTMyYWJjNmFiYjY2ZDY0MDU,commit,2025-07-21T20:52:50Z,Tim Hoffmann,authored-by,2ea9371733fdad796962c02932abc6abb66d6405,sha,30339,committed-to-pull_request,,
LE_lADOABUios7Bt50uzwAAAARczyV1,add_label,2025-07-21T21:00:09Z,github-actions[bot],authored-by,30339,labeled-on-pull_request,,,label,Documentation: devdocs
LE_lADOABUios7Bt50uzwAAAARczyWB,add_label,2025-07-21T21:00:09Z,github-actions[bot],authored-by,30339,labeled-on-pull_request,,,label,Documentation: user guide
3040172231,approve_review,2025-07-21T23:20:41Z,Elliott Sales de Andrade,approved-by,30339,for-pull-request,,,,
3040631339,comment_review,2025-07-22T02:42:20Z,Thomas A Caswell,commented-by,30339,for-pull-request,,,,
C_kwDOABUiotoAKGFmZWVhZjNlNjAwZjcyNjk2MGUyZGUxOWE0MzVmZjY5MzhlNTlkZDY,commit,2025-07-22T05:05:07Z,GitHub,authored-by,afeeaf3e600f726960e2de19a435ff6938e59dd6,sha,30339,committed-to-pull_request,,
3041549419,approve_review,2025-07-22T07:37:12Z,David Stansby,approved-by,30339,for-pull-request,,,,
ME_lADOABUios7Bt50uzwAAAARdbRhB,merge_pull_request,2025-07-22T09:07:13Z,Tim Hoffmann,authored-by,30339,merged-on-pull_request,,,,
CE_lADOABUios7Bt50uzwAAAARdbRha,close_pull_request,2025-07-22T09:07:13Z,Tim Hoffmann,authored-by,30339,closed-on-pull_request,,,,
open_pull_30339,open_pull_request,2025-07-21T20:59:59Z,Tim Hoffmann,opened-by,30339,for-pull_request,,,,
C_kwDOABUiotoAKGVlMWM3MGJkOTlhOWM4YzBmMGEyOGY5NTY2ZGIyMzA0N2IwZjE4Mjg,commit,2025-07-18T18:52:27Z,Ruth Comer,authored-by,ee1c70bd99a9c8c0f0a28f9566db23047b0f1828,sha,30333,committed-to-pull_request,,
3034629429,approve_review,2025-07-18T19:20:08Z,Tim Hoffmann,approved-by,30333,for-pull-request,,,,
3034662988,approve_review,2025-07-18T19:37:57Z,hannah,approved-by,30333,for-pull-request,,,,
IC_kwDOABUios64NcfA,comment_pull_request,2025-07-18T19:39:24Z,hannah,commented-by,30333,on-pull-request,,,comment,"test failures seem unrelated, feel free to merge after they're all run (assuming failures stay unrelated) & thanks!"
ME_lADOABUios7BXTlrzwAAAARbAFBE,merge_pull_request,2025-07-18T19:54:39Z,Ruth Comer,authored-by,30333,merged-on-pull_request,,,,
CE_lADOABUios7BXTlrzwAAAARbAFDo,close_pull_request,2025-07-18T19:54:39Z,Ruth Comer,authored-by,30333,closed-on-pull_request,,,,
IC_kwDOABUios64NlWL,comment_pull_request,2025-07-18T19:55:02Z,lumberbot-app[bot],commented-by,30333,on-pull-request,,,comment,"Owee, I'm MrMeeseeks, Look at me.

There seem to be a conflict, please backport manually. Here are approximate instructions:

1. Checkout backport branch and update it.

```
git checkout v3.10.x
git pull
```

2. Cherry pick the first parent branch of the this PR on top of the older branch:
```
git cherry-pick -x -m1 efacc7d26c2d378deb097349bd4051ed4bd29032
```

3. You will likely have some merge/cherry-pick conflict here, fix them and commit:

```
git commit -am 'Backport PR #30333: FIX: cast Patch linewidth to float for dash scaling'
```

4. Push to a named branch:

```
git push YOURFORK v3.10.x:auto-backport-of-pr-30333-on-v3.10.x
```

5. Create a PR against branch v3.10.x, I would have named this PR:

> ""Backport PR #30333 on branch v3.10.x (FIX: cast Patch linewidth to float for dash scaling)""

And apply the correct labels and milestones.

Congratulations ‚Äî you did some good work! Hopefully your backport PR will be tested by the continuous integration and merged soon!

Remember to remove the `Still Needs Manual Backport` label once the PR gets merged.

If these instructions are inaccurate, feel free to [suggest an improvement](https://github.com/MeeseeksBox/MeeseeksDev).
                "
LE_lADOABUios7BXTlrzwAAAARbAGIu,add_label,2025-07-18T19:55:03Z,lumberbot-app[bot],authored-by,30333,labeled-on-pull_request,,,label,Still Needs Manual Backport
IC_kwDOABUios64NsYD,comment_pull_request,2025-07-18T20:08:19Z,Ruth Comer,commented-by,30333,on-pull-request,,,comment,"Conflict seems to be because the next line is wrapped on the bugfix branch
https://github.com/matplotlib/matplotlib/blob/8076615fc25c14391b461bf536f71d5116fab1d2/lib/matplotlib/patches.py#L440-L441

I'm not convinced this is worth a manual backport."
UNLE_lADOABUios7BXTlrzwAAAARbBMkQ,remove_label,2025-07-18T20:21:00Z,Ruth Comer,authored-by,30333,unlabeled-on-pull_request,,,label,Still Needs Manual Backport
open_pull_30333,open_pull_request,2025-07-18T18:58:38Z,Ruth Comer,opened-by,30333,for-pull_request,,,,
3032248242,comment_review,2025-07-18T06:57:35Z,github-actions[bot],commented-by,30330,for-pull-request,,,,
IC_kwDOABUios64HJol,comment_pull_request,2025-07-18T10:02:45Z,Ruth Comer,commented-by,30330,on-pull-request,,,comment,"Thanks for the contribution @leakyH!  I confirm I can reproduce the behaviour you report with `main`:

```python
import matplotlib.pyplot as plt
import numpy as np

# Sample data
x = np.linspace(10, 20, 100)
y = np.sin(x)

fig, ax = plt.subplots()
ax.plot(x, y)
ax.spines['bottom'].set_bounds(10, None)
plt.show()
```
<img width=""640"" height=""480"" alt=""Figure_1"" src=""https://github.com/user-attachments/assets/4d75f6db-3b16-4137-9ae3-73c70f892d1f"" />

It looks like you are still working on your fix, so I'm going to mark this as ""draft"" for now.  Please mark it as ""ready for review"" when you are ready.
"
IC_kwDOABUios64HMby,comment_pull_request,2025-07-18T10:06:41Z,leakyH,commented-by,30330,on-pull-request,,,comment,"Thank you @rcomer !

I just found that one of the tests failed, because I modified the self._bounds in the get_bounds() function in my original fix. Now I've solve it and I will mark it as ""ready for review"" when all tests pass!"
IC_kwDOABUios64NXgm,comment_pull_request,2025-07-18T19:30:05Z,Ruth Comer,commented-by,30330,on-pull-request,,,comment,"Edited because actually this behaviour is consistent with `Axes.set_xlim`, as demonstrated in the next comment.

Thanks for your work on this @leakyH.  ~Currently it is not quite right because it fixes the bound you didn't set and prevents further automatic updates to it.~  Adapting your example:

```python
import matplotlib.pyplot as plt
import numpy as np

# Sample data
x = np.linspace(10, 20, 100)
y = np.sin(x)

fig, ax = plt.subplots()
ax.plot(x, y)
ax.spines['bottom'].set_bounds(10, None)
ax.plot(x*2, y)
plt.show()

```
with your branch, this now gives
<img width=""640"" height=""480"" alt=""image"" src=""https://github.com/user-attachments/assets/cc68945b-4df7-46b9-925b-80938954999f"" />

~But the x-spine should go from 10 to the x-axis upper limit.~

I also note that `Spine.get_bounds` is public API and [we are quite strict about making changes to the behaviour of that](https://matplotlib.org/devdocs/devel/api_changes.html#deprecate-api).  It can be done, but as you see from the guidelines there are various aspects to weigh up.

I wonder if the issue might be fixed more simply by only changing the way `low` and `high` are defined in `_adjust_location`.  Currently it uses the viewlim if neither bound was set.  If one element of `self._bounds` is `None`, could we just replace that element with the relevant element of the viewlim?"
IC_kwDOABUios64OJ5d,comment_pull_request,2025-07-18T21:05:24Z,leakyH,commented-by,30330,on-pull-request,,,comment,"yes @rcomer , thank you for your inspiring review, and I know what you mean now.
1. In your demo,  the viewLim changes after manually `set_bounds()`, so the spine does not align with the viewLim. You expect that when `set_bounds(10, None)`, the **None** should refer to an automatic/default behaviour, which is to extend to axis's upper/lower limit, a.k.a. viewLim. I need to remind you that this is slightly different from the documentation, which says
> Passing None leaves the limit unchanged.

Certainly, we can change the documentation after all. I just want to make sure you notice that and this is what we want. Since this `set_bounds()` API did not work in the past, maybe this behaviour change is acceptable.

As a reference, please run this code:
```
import matplotlib.pyplot as plt
import numpy as np

# Sample data
x = np.linspace(10, 20, 100)
y = np.sin(x)

fig, ax = plt.subplots()
ax.plot(x, y)
# ax.spines['bottom'].set_bounds(10, None)
ax.set_xlim(10, None)# Note this
ax.plot(x*2, y)
plt.savefig('modify_after_set.jpg')
```
You'll see the **None** for xlim also means to keep the original xlim, and does not change for later `ax.plot`.

2. As you said, I will think of a simpler modification and try to keep `get_bounds()` returning the internal object `self._bounds`.


I think the easiest way is to modify the `_adjust_location`, and allow the spine to automatically extend to axis's upper/lower limit. But it would be better to clarify what we want before further modifications to the code.

Thank you!
"
IC_kwDOABUios64UPal,comment_pull_request,2025-07-19T12:01:52Z,Ruth Comer,commented-by,30330,on-pull-request,,,comment,"Thank you for thinking this through!  You are right and I actually had not realised that `set_xlim` works like that.  I agree we should make `Spine.set_bounds` be consistent with `set_xlim`, so the behaviour you currently have is correct."
C_kwDOABUiotoAKGQxNGZlYTEyNWE0ZjU3MTNkMmU1MTkwMjc3N2MwOTU1Yzk1NDVkYjM,commit,2025-07-19T15:33:29Z,leakyH,authored-by,d14fea125a4f5713d2e51902777c0955c9545db3,sha,30330,committed-to-pull_request,,
C_kwDOABUiotoAKGJhNGRjNDZiY2RhNTEwZDQyNmUxNDViZjBlNjA2MDQ5ZjBiMmRkZDM,commit,2025-07-19T18:53:31Z,GitHub,authored-by,ba4dc46bcda510d426e145bf0e606049f0b2ddd3,sha,30330,committed-to-pull_request,,
C_kwDOABUiotoAKDA3Y2ZkOWUyZGNkODJjY2YxNDgwY2M3NmVmNWI0ZjY2OTlhZDkwMzM,commit,2025-07-19T19:08:51Z,leakyH,authored-by,07cfd9e2dcd82ccf1480cc76ef5b4f6699ad9033,sha,30330,committed-to-pull_request,,
C_kwDOABUiotoAKGY3OTI2OTNjY2Q2NTQ4NTk3MjhiMTBlOGUwYjVjMDUyMmE0OWQ0ODc,commit,2025-07-19T19:33:13Z,leakyH,authored-by,f792693ccd654859728b10e8e0b5c0522a49d487,sha,30330,committed-to-pull_request,,
C_kwDOABUiotoAKDE3OWRkNDdjY2JmZmJmYzdlNmZhMWZhZjJmYWRiMDAxNjJjYzBhZTA,commit,2025-07-19T19:53:45Z,leakyH,authored-by,179dd47ccbffbfc7e6fa1faf2fadb00162cc0ae0,sha,30330,committed-to-pull_request,,
IC_kwDOABUios64VIad,comment_pull_request,2025-07-19T20:07:24Z,leakyH,commented-by,30330,on-pull-request,,,comment,"Hi @rcomer , I've updated the code:
1. `get_bounds()` now returns the internal object `self._bounds` as it did.
2. In `set_bounds()`, it gets the original bounds as `_adjust_location` did, so the logic is extracted as a function called `_get_bounds_or_viewLim`. 

And to whom may concern, this PR initailly processed the `self._bounds is None` situation in the `get_bounds()` public API, which may bring extra complexity. Based on the feedback, now the `set_bounds` and `_adjust_location` both use the internal function `_get_bounds_or_viewLim`."
3038967575,comment_review,2025-07-21T17:25:18Z,Ruth Comer,commented-by,30330,for-pull-request,,,,
C_kwDOABUiotoAKDk5NWQ2OWRmNTQ5NGVkYTU5ZmU3YTExZTM0ZDQzOGJiZGE0MjBmMDQ,commit,2025-07-21T17:32:39Z,GitHub,authored-by,995d69df5494eda59fe7a11e34d438bbda420f04,sha,30330,committed-to-pull_request,,
C_kwDOABUiotoAKGE4ZTViMDYxNzYzZDM5Mjc2YjVhYzgyNjM4MzZlODQ3YWZiNDkxOGE,commit,2025-07-21T17:35:07Z,GitHub,authored-by,a8e5b061763d39276b5ac8263836e847afb4918a,sha,30330,committed-to-pull_request,,
open_pull_30330,open_pull_request,2025-07-18T06:52:47Z,leakyH,opened-by,30330,for-pull_request,,,,
C_kwDOABUiotoAKDdhNjI4ZTViNzUyZGE2ZTViNTQ5YTUxODBlM2UxZWJiNGYxNDJiOWQ,commit,2025-07-18T06:30:27Z,Elliott Sales de Andrade,authored-by,7a628e5b752da6e5b549a5180e3e1ebb4f142b9d,sha,30329,committed-to-pull_request,,
LE_lADOABUios7BPk1WzwAAAARaQjks,add_label,2025-07-18T06:31:49Z,Elliott Sales de Andrade,authored-by,30329,labeled-on-pull_request,,,label,Maintenance
LE_lADOABUios7BPk1WzwAAAARaROKS,add_label,2025-07-18T06:45:16Z,Elliott Sales de Andrade,authored-by,30329,labeled-on-pull_request,,,label,topic: text/fonts
3032277216,approve_review,2025-07-18T07:05:51Z,Oscar Gustafsson,approved-by,30329,for-pull-request,,,,
3033026355,approve_review,2025-07-18T10:26:40Z,Tim Hoffmann,approved-by,30329,for-pull-request,,,,
3034155821,approve_review,2025-07-18T16:35:23Z,Antony Lee,approved-by,30329,for-pull-request,,,,
ME_lADOABUios7BPk1WzwAAAARa9qni,merge_pull_request,2025-07-18T19:04:41Z,Elliott Sales de Andrade,authored-by,30329,merged-on-pull_request,,,,
CE_lADOABUios7BPk1WzwAAAARa9qn9,close_pull_request,2025-07-18T19:04:42Z,Elliott Sales de Andrade,authored-by,30329,closed-on-pull_request,,,,
open_pull_30329,open_pull_request,2025-07-18T06:31:48Z,Elliott Sales de Andrade,opened-by,30329,for-pull_request,,,,
C_kwDOABUiotoAKDAxMzlhY2E1YzYxZDNmYmE1N2FhMmNmOGRlM2U4OWJlZDAxMzkzNzI,commit,2025-07-17T18:44:14Z,MeeseeksDev[bot],authored-by,0139aca5c61d3fba57aa2cf8de3e89bed0139372,sha,30326,committed-to-pull_request,,
LE_lADOABUios7BJtaxzwAAAARZxFUj,add_label,2025-07-17T18:44:17Z,lumberbot-app[bot],authored-by,30326,labeled-on-pull_request,,,label,topic: axes
LE_lADOABUios7BJtaxzwAAAARZxFUt,add_label,2025-07-17T18:44:17Z,lumberbot-app[bot],authored-by,30326,labeled-on-pull_request,,,label,topic: typing
LE_lADOABUios7BJtaxzwAAAARZxFWI,add_label,2025-07-17T18:44:17Z,Lumberbot (aka Jack),authored-by,30326,labeled-on-pull_request,,,label,topic: axes
LE_lADOABUios7BJtaxzwAAAARZxFWv,add_label,2025-07-17T18:44:18Z,Lumberbot (aka Jack),authored-by,30326,labeled-on-pull_request,,,label,topic: typing
ME_lADOABUios7BJtaxzwAAAARZz5J7,merge_pull_request,2025-07-17T19:31:48Z,David Stansby,authored-by,30326,merged-on-pull_request,,,,
CE_lADOABUios7BJtaxzwAAAARZz5KS,close_pull_request,2025-07-17T19:31:48Z,David Stansby,authored-by,30326,closed-on-pull_request,,,,
open_pull_30326,open_pull_request,2025-07-17T18:44:16Z,Lumberbot (aka Jack),opened-by,30326,for-pull_request,,,,
C_kwDOABUiotoAKGQwZWVkMGU5ZWZmYzI0Mjc1YjYyOThkNjUwMmIzYTI0ZjM3ZWQyMDE,commit,2025-07-16T21:12:28Z,N R Navaneet,authored-by,d0eed0e9effc24275b6298d6502b3a24f37ed201,sha,30321,committed-to-pull_request,,
LE_lADOABUios7A9n8PzwAAAARYsOyH,add_label,2025-07-16T21:18:01Z,github-actions[bot],authored-by,30321,labeled-on-pull_request,,,label,topic: axes
C_kwDOABUiotoAKGI1MjBmODY3NzVhMDhkZWU1ZDA0NmRiMjBmYzNhZjYxOWFkMDJhNmQ,commit,2025-07-16T21:31:02Z,N R Navaneet,authored-by,b520f86775a08dee5d046db20fc3af619ad02a6d,sha,30321,committed-to-pull_request,,
IC_kwDOABUios63pWAS,comment_pull_request,2025-07-16T21:37:16Z,N R Navaneet,commented-by,30321,on-pull-request,,,comment,"@timhoffm, I've submitted the PR as per the approval. Kindly check and lmk if any changes are required.
Happy to update it. Thank you for the opportunity :)"
IC_kwDOABUios63qOJo,comment_pull_request,2025-07-16T22:04:01Z,Ruth Comer,commented-by,30321,on-pull-request,,,comment,"Thanks @nrnavaneet, the typing change seems good but the new test seems unrelated."
IC_kwDOABUios63qsaP,comment_pull_request,2025-07-16T22:21:03Z,N R Navaneet,commented-by,30321,on-pull-request,,,comment,"Oh shoot ! Wrong test. I've made the changes. 
Thanks for pointing that out !
"
C_kwDOABUiotoAKDI0ZTk5NDZkM2M5Y2MyNmFjYzI1YTJlNWJkOGViMjVhZmVhZmY5NmI,commit,2025-07-16T22:24:26Z,N R Navaneet,authored-by,24e9946d3c9cc26acc25a2e5bd8eb25afeaff96b,sha,30321,committed-to-pull_request,,
IC_kwDOABUios632MpD,comment_pull_request,2025-07-17T15:07:49Z,Ruth Comer,commented-by,30321,on-pull-request,,,comment,"If you are using AI to help with your contributions, please check everything it produces before submitting it.  See also https://matplotlib.org/devdocs/devel/contribute.html#restrictions-on-generative-ai-usage

I would not generally expect to see a test added with a typing change.  In this case, I am in two minds whether to keep it.  On one hand, test coverage is in general a good thing and this particular test is not expensive.  On the other hand, the method in question is so simple that it is hard to see how it could go wrong, and there are existing tests that exercise it within `test_legend.py` (although they are targeting other functionality)."
IC_kwDOABUios632mII,comment_pull_request,2025-07-17T15:39:16Z,N R Navaneet,commented-by,30321,on-pull-request,,,comment,"Sorry !!, Still a new contributor. Im still figuring things out. Shldve checked before committing. My bad , wont happen again. It was simple idk why i made it so complex. If u want u can discard this pr :(.
Ive Read the rules, thanks again for pointing that out; it won't happen again. I love contributing to this repo."
IC_kwDOABUios632mxm,comment_pull_request,2025-07-17T15:40:11Z,N R Navaneet,commented-by,30321,on-pull-request,,,comment,Kindly lmk how u wanna proceed. I respect any decision you make
3030165786,comment_review,2025-07-17T16:07:07Z,David Stansby,commented-by,30321,for-pull-request,,,,
IC_kwDOABUios633E2g,comment_pull_request,2025-07-17T16:19:54Z,N R Navaneet,commented-by,30321,on-pull-request,,,comment,Ofcourse! Will do r8 away !
C_kwDOABUiotoAKDMwNzBhYzg2NzA1ZjQyZThiZTdiNzc3ZjE4ZDJlYjEwZWM3Nzc4MDA,commit,2025-07-17T16:29:32Z,N R Navaneet,authored-by,3070ac86705f42e8be7b777f18d2eb10ec777800,sha,30321,committed-to-pull_request,,
IC_kwDOABUios633Ls0,comment_pull_request,2025-07-17T16:30:48Z,N R Navaneet,commented-by,30321,on-pull-request,,,comment,Removed the test as per the suggestion. Thank you :)
RRE_lADOABUios7A9n8PzwAAAARZqVSt,add_review_request,2025-07-17T16:46:05Z,David Stansby,for,N R Navaneet,by,30321,in-pull-request,,
LE_lADOABUios7A9n8PzwAAAARZv3kq,add_label,2025-07-17T18:22:21Z,Ruth Comer,authored-by,30321,labeled-on-pull_request,,,label,topic: typing
3030572546,approve_review,2025-07-17T18:24:57Z,Ruth Comer,approved-by,30321,for-pull-request,,,,
3030620439,approve_review,2025-07-17T18:43:18Z,Tim Hoffmann,approved-by,30321,for-pull-request,,,,
ME_lADOABUios7A9n8PzwAAAARZxEAV,merge_pull_request,2025-07-17T18:43:52Z,Tim Hoffmann,authored-by,30321,merged-on-pull_request,,,,
CE_lADOABUios7A9n8PzwAAAARZxEAv,close_pull_request,2025-07-17T18:43:52Z,Tim Hoffmann,authored-by,30321,closed-on-pull_request,,,,
open_pull_30321,open_pull_request,2025-07-16T21:17:52Z,N R Navaneet,opened-by,30321,for-pull_request,,,,
C_kwDOABUiotoAKDVmYzk1NTkzOWRkMDc0YmVlYTQ1NTRiNmUyYjY2ODA2MWZiNDYwNzM,commit,2025-07-16T08:47:35Z,Elliott Sales de Andrade,authored-by,5fc955939dd074beea4554b6e2b668061fb46073,sha,30319,committed-to-pull_request,,
LE_lADOABUios7A0xXgzwAAAARX5fWm,add_label,2025-07-16T08:50:42Z,github-actions[bot],authored-by,30319,labeled-on-pull_request,,,label,topic: text/fonts
3023943219,approve_review,2025-07-16T09:18:55Z,Antony Lee,approved-by,30319,for-pull-request,,,,
IC_kwDOABUios63emxd,comment_pull_request,2025-07-16T11:57:57Z,Tim Hoffmann,commented-by,30319,on-pull-request,,,comment,Would it make sense to add an optional `size` parameter to the constructor so that one does not have to do a separate `set_size()` call? i.e. optionally initialize as part of construction.
IC_kwDOABUios63kr57,comment_pull_request,2025-07-16T18:40:33Z,Thomas A Caswell,commented-by,30319,on-pull-request,,,comment,Given that the target consumer of Font objects is the `draw` method of our `Text` classes and they already have to always set the font size (you can't trust that it came in with the right size) I'm in favor of waiting for a user to have a need for this outside of our tests.
3026381366,approve_review,2025-07-16T18:40:41Z,Thomas A Caswell,approved-by,30319,for-pull-request,,,,
ME_lADOABUios7A0xXgzwAAAARYjrMR,merge_pull_request,2025-07-16T18:41:17Z,Thomas A Caswell,authored-by,30319,merged-on-pull_request,,,,
CE_lADOABUios7A0xXgzwAAAARYjrMp,close_pull_request,2025-07-16T18:41:18Z,Thomas A Caswell,authored-by,30319,closed-on-pull_request,,,,
open_pull_30319,open_pull_request,2025-07-16T08:50:32Z,Elliott Sales de Andrade,opened-by,30319,for-pull_request,,,,
C_kwDOABUiotoAKGI3N2JhMTFmNTM1NTQzZTBhYjdmODU5ZWExMjVmNGUyOTJjMmZjOGQ,commit,2025-07-15T13:36:02Z,jocelynvj,authored-by,b77ba11f535543e0ab7f859ea125f4e292c2fc8d,sha,30317,committed-to-pull_request,,
LE_lADOABUios7AvwgDzwAAAARXc-IQ,add_label,2025-07-15T21:26:00Z,github-actions[bot],authored-by,30317,labeled-on-pull_request,,,label,Documentation: user guide
3022402023,comment_review,2025-07-15T21:29:52Z,github-actions[bot],commented-by,30317,for-pull-request,,,,
3022453516,approve_review,2025-07-15T21:49:44Z,hannah,approved-by,30317,for-pull-request,,,,
ME_lADOABUios7AvwgDzwAAAARXg__a,merge_pull_request,2025-07-15T23:13:18Z,Elliott Sales de Andrade,authored-by,30317,merged-on-pull_request,,,,
CE_lADOABUios7AvwgDzwAAAARXg__j,close_pull_request,2025-07-15T23:13:18Z,Elliott Sales de Andrade,authored-by,30317,closed-on-pull_request,,,,
open_pull_30317,open_pull_request,2025-07-15T21:25:52Z,Jocelyn Vincentia Japnanto,opened-by,30317,for-pull_request,,,,
C_kwDOABUiotoAKGVlZjAzMzQzMTIzYzkyYzc5YWIzZmRmM2MxZWQyZTVlMmY0ODc4Y2M,commit,2025-07-15T13:01:55Z,David Stansby,authored-by,eef03343123c92c79ab3fdf3c1ed2e5e2f4878cc,sha,30315,committed-to-pull_request,,
LE_lADOABUios7ApzEUzwAAAARW6a4b,add_label,2025-07-15T13:04:58Z,github-actions[bot],authored-by,30315,labeled-on-pull_request,,,label,Documentation: devdocs
3020247039,approve_review,2025-07-15T13:14:11Z,Benjamin Root,approved-by,30315,for-pull-request,,,,
ME_lADOABUios7ApzEUzwAAAARW7tzd,merge_pull_request,2025-07-15T13:20:46Z,Benjamin Root,authored-by,30315,merged-on-pull_request,,,,
CE_lADOABUios7ApzEUzwAAAARW7t0D,close_pull_request,2025-07-15T13:20:47Z,Benjamin Root,authored-by,30315,closed-on-pull_request,,,,
3022022229,comment_review,2025-07-15T19:30:35Z,Elliott Sales de Andrade,commented-by,30315,for-pull-request,,,,
open_pull_30315,open_pull_request,2025-07-15T13:04:46Z,David Stansby,opened-by,30315,for-pull_request,,,,
C_kwDOABUiotoAKGQ0YjdiYzZiNjJkODlhMGI3ODQ5NjdhMTE1YTI4ZjM0N2FhNWFlY2I,commit,2025-07-15T13:02:27Z,Marco Gorelli,authored-by,d4b7bc6b62d89a0b784967a115a28f347aa5aecb,sha,30314,committed-to-pull_request,,
LE_lADOABUios7ApxgHzwAAAARW6SJA,add_label,2025-07-15T13:03:09Z,github-actions[bot],authored-by,30314,labeled-on-pull_request,,,label,topic: figures and subfigures
3020244026,comment_review,2025-07-15T13:13:44Z,Marco Edward Gorelli,commented-by,30314,for-pull-request,,,,
RTE_lADOABUios7ApxgHzwAAAARW7I0c,rename_pull_request,2025-07-15T13:14:16Z,Marco Edward Gorelli,change-issued-by,30314,for-pull-request,,,renamed-to,[MNT] Typing: correct typing overloads for ``Figure.subfigures``
LE_lADOABUios7ApxgHzwAAAARXXAO1,add_label,2025-07-15T19:33:53Z,Elliott Sales de Andrade,authored-by,30314,labeled-on-pull_request,,,label,topic: typing
3030963036,approve_review,2025-07-17T20:43:52Z,Tim Hoffmann,approved-by,30314,for-pull-request,,,,
3050264535,approve_review,2025-07-24T06:20:20Z,Elliott Sales de Andrade,approved-by,30314,for-pull-request,,,,
ME_lADOABUios7ApxgHzwAAAARf34CK,merge_pull_request,2025-07-24T06:20:42Z,Elliott Sales de Andrade,authored-by,30314,merged-on-pull_request,,,,
CE_lADOABUios7ApxgHzwAAAARf34Cq,close_pull_request,2025-07-24T06:20:42Z,Elliott Sales de Andrade,authored-by,30314,closed-on-pull_request,,,,
open_pull_30314,open_pull_request,2025-07-15T13:03:02Z,Marco Edward Gorelli,opened-by,30314,for-pull_request,,,,
C_kwDOABUiotoAKDYwMTljNDY2YTI5NDc1YmRlNjc4ZDk3MWY2NjVjNGFiZDU4OGIwMDY,commit,2025-07-15T08:41:00Z,David Stansby,authored-by,6019c466a29475bde678d971f665c4abd588b006,sha,30312,committed-to-pull_request,,
LE_lADOABUios7AmtpNzwAAAARWor9j,add_label,2025-07-15T08:42:17Z,github-actions[bot],authored-by,30312,labeled-on-pull_request,,,label,topic: ticks axis labels
LE_lADOABUios7AmtpNzwAAAARWor9t,add_label,2025-07-15T08:42:17Z,github-actions[bot],authored-by,30312,labeled-on-pull_request,,,label,topic: sankey
3019813826,approve_review,2025-07-15T11:06:55Z,Tim Hoffmann,approved-by,30312,for-pull-request,,,,
ME_lADOABUios7AmtpNzwAAAARXSOVJ,merge_pull_request,2025-07-15T18:23:34Z,Thomas A Caswell,authored-by,30312,merged-on-pull_request,,,,
CE_lADOABUios7AmtpNzwAAAARXSOVo,close_pull_request,2025-07-15T18:23:34Z,Thomas A Caswell,authored-by,30312,closed-on-pull_request,,,,
open_pull_30312,open_pull_request,2025-07-15T08:42:08Z,David Stansby,opened-by,30312,for-pull_request,,,,
C_kwDOABUiotoAKDdkMTEzMDIyZjg2MmE0NDE5MzhhNzhiMTBjYjYwNjk3YmRjZWVjZjU,commit,2025-07-15T00:07:22Z,GitHub,authored-by,7d113022f862a441938a78b10cb60697bdceecf5,sha,30311,committed-to-pull_request,,
LE_lADOABUios7Aiw75zwAAAARWSJc1,add_label,2025-07-15T00:07:23Z,dependabot[bot],authored-by,30311,labeled-on-pull_request,,,label,dependencies
LE_lADOABUios7Aiw75zwAAAARWSJc7,add_label,2025-07-15T00:07:23Z,dependabot[bot],authored-by,30311,labeled-on-pull_request,,,label,github_actions
LE_lADOABUios7Aiw75zwAAAARWSJdz,add_label,2025-07-15T00:07:23Z,dependabot[bot],authored-by,30311,labeled-on-pull_request,,,label,dependencies
LE_lADOABUios7Aiw75zwAAAARWSJeH,add_label,2025-07-15T00:07:24Z,dependabot[bot],authored-by,30311,labeled-on-pull_request,,,label,github_actions
LE_lADOABUios7Aiw75zwAAAARWSJwd,add_label,2025-07-15T00:07:33Z,github-actions[bot],authored-by,30311,labeled-on-pull_request,,,label,CI: Run cibuildwheel
LE_lADOABUios7Aiw75zwAAAARWSJwh,add_label,2025-07-15T00:07:33Z,github-actions[bot],authored-by,30311,labeled-on-pull_request,,,label,CI: Run cygwin
UNLE_lADOABUios7Aiw75zwAAAARWWMTh,remove_label,2025-07-15T02:10:48Z,Elliott Sales de Andrade,authored-by,30311,unlabeled-on-pull_request,,,label,CI: Run cibuildwheel
LE_lADOABUios7Aiw75zwAAAARWWMde,add_label,2025-07-15T02:10:53Z,Elliott Sales de Andrade,authored-by,30311,labeled-on-pull_request,,,label,CI: Run cibuildwheel
3018299303,approve_review,2025-07-15T02:23:14Z,Elliott Sales de Andrade,approved-by,30311,for-pull-request,,,,
ME_lADOABUios7Aiw75zwAAAARWn3JI,merge_pull_request,2025-07-15T08:31:30Z,David Stansby,authored-by,30311,merged-on-pull_request,,,,
CE_lADOABUios7Aiw75zwAAAARWn3Js,close_pull_request,2025-07-15T08:31:30Z,David Stansby,authored-by,30311,closed-on-pull_request,,,,
open_pull_30311,open_pull_request,2025-07-15T00:07:22Z,dependabot[bot],opened-by,30311,for-pull_request,,,,
C_kwDOABUiotoAKDM0N2RjZWIxZGQyZWRmYTM5NWM1NTNjODY2ZmY2MmU4NDJkYmI1NmE,commit,2025-07-14T19:21:08Z,David Stansby,authored-by,347dceb1dd2edfa395c553c866ff62e842dbb56a,sha,30309,committed-to-pull_request,,
C_kwDOABUiotoAKGVmNDVjN2JmMmI5ZjBhMDhiMmQxODViNDI4YWI1MjI2OTE4ZjBhMTA,commit,2025-07-14T19:22:12Z,David Stansby,authored-by,ef45c7bf2b9f0a08b2d185b428ab5226918f0a10,sha,30309,committed-to-pull_request,,
LE_lADOABUios7AgplMzwAAAARWGD1i,add_label,2025-07-14T19:23:33Z,github-actions[bot],authored-by,30309,labeled-on-pull_request,,,label,Documentation: build
3018042400,approve_review,2025-07-14T23:07:32Z,Elliott Sales de Andrade,approved-by,30309,for-pull-request,,,,
3018090990,approve_review,2025-07-14T23:46:38Z,Jody Klymak,approved-by,30309,for-pull-request,,,,
ME_lADOABUios7AgplMzwAAAARWRh-p,merge_pull_request,2025-07-14T23:46:45Z,Jody Klymak,authored-by,30309,merged-on-pull_request,,,,
CE_lADOABUios7AgplMzwAAAARWRh-6,close_pull_request,2025-07-14T23:46:46Z,Jody Klymak,authored-by,30309,closed-on-pull_request,,,,
open_pull_30309,open_pull_request,2025-07-14T19:23:21Z,David Stansby,opened-by,30309,for-pull_request,,,,
C_kwDOABUiotoAKGIxYzBhMzUzMzhiMjVkNjljMThkOGM4OWE0NWJlMTUwYjlmNWU2NmI,commit,2025-07-14T13:31:47Z,GitHub,authored-by,b1c0a35338b25d69c18d8c89a45be150b9f5e66b,sha,30307,committed-to-pull_request,,
3016415219,comment_review,2025-07-14T13:36:16Z,github-actions[bot],commented-by,30307,for-pull-request,,,,
IC_kwDOABUios62-O45,comment_pull_request,2025-07-14T14:12:11Z,Tim Hoffmann,commented-by,30307,on-pull-request,,,comment,"Please do not do cosmetic (and mostly questionable) changes to README, in particular not mass-PRs to several projects. This does not add value and only distracts developers. It's not a reasonable contribution to open source."
CE_lADOABUios7Ac4IQzwAAAARVyNNC,close_pull_request,2025-07-14T14:12:11Z,Tim Hoffmann,authored-by,30307,closed-on-pull_request,,,,
open_pull_30307,open_pull_request,2025-07-14T13:31:55Z,Krishna Somani,opened-by,30307,for-pull_request,,,,
C_kwDOABUiotoAKDA1NTUyMDZkNDc5M2E2MjEwY2UwZWY4M2VmOThjZTA1NWE2NWYyMzQ,commit,2025-07-12T23:27:06Z,N R Navaneet,authored-by,0555206d4793a6210ce0ef83ef98ce055a65f234,sha,30302,committed-to-pull_request,,
LE_lADOABUios7AR5LDzwAAAARUzNOW,add_label,2025-07-12T23:28:59Z,github-actions[bot],authored-by,30302,labeled-on-pull_request,,,label,topic: pyplot API
IC_kwDOABUios62w0UP,comment_pull_request,2025-07-12T23:32:47Z,N R Navaneet,commented-by,30302,on-pull-request,,,comment,"Hi all üëã,

I initially attempted to address multiple points from this issue in a single PR, but I realized that it introduced unnecessary complexity, especially for someone like me who is still learning and new to contributing at this scale.

To manage things better and ensure clarity in both review and implementation, I‚Äôve now shifted to handling one fix at a time. I‚Äôve started with set_loglevel as it seemed like a simpler, self-contained change to begin with.

This approach will also help me improve gradually and avoid making mistakes across unrelated parts. Thank you so much for your patience and guidance, it‚Äôs really encouraging for a beginner like me üôèüôÇ"
IC_kwDOABUios625zIt,comment_pull_request,2025-07-14T09:25:09Z,Tim Hoffmann,commented-by,30302,on-pull-request,,,comment,"Thanks. This is correct in the sense that it matches documentation now.

<img width=""696"" height=""58"" alt=""image"" src=""https://github.com/user-attachments/assets/71050e65-ead8-4125-80d2-8bc1faee0c3a"" />

However, implementation-wise we've accepted any capitalization, in particular also thd capitalized form ""INFO"", which is passed through to/accepted by stdlibs `Logger.setLevel` - maybe we should take the opportunity to align more with the stdlib?"
3015515711,approve_review,2025-07-14T09:26:16Z,Tim Hoffmann,approved-by,30302,for-pull-request,,,,
IC_kwDOABUios629gIo,comment_pull_request,2025-07-14T13:13:27Z,N R Navaneet,commented-by,30302,on-pull-request,,,comment,"Yes @timhoffm, you‚Äôre right. I‚Äôve implemented this by normalising the input to lowercase within set_loglevel(), so it aligns with the stdlib behaviour. You think that will work?

Let me know if any further changes are required.
Thanks again for pointing that out"
3016527280,comment_review,2025-07-14T14:07:36Z,Tim Hoffmann,commented-by,30302,for-pull-request,,,,
RRE_lADOABUios7AR5LDzwAAAARZAxHD,add_review_request,2025-07-17T06:36:22Z,Tim Hoffmann,for,N R Navaneet,by,30302,in-pull-request,,
3028627175,approve_review,2025-07-17T09:04:47Z,Tim Hoffmann,approved-by,30302,for-pull-request,,,,
RRE_lADOABUios7AR5LDzwAAAARbnYeN,add_review_request,2025-07-20T14:44:25Z,Tim Hoffmann,for,N R Navaneet,by,30302,in-pull-request,,
LE_lADOABUios7AR5LDzwAAAARbrgYE,add_label,2025-07-20T20:27:27Z,Tim Hoffmann,authored-by,30302,labeled-on-pull_request,,,label,status: needs review
3036174717,approve_review,2025-07-20T20:43:57Z,David Stansby,approved-by,30302,for-pull-request,,,,
ME_lADOABUios7AR5LDzwAAAARbrySz,merge_pull_request,2025-07-20T20:44:52Z,David Stansby,authored-by,30302,merged-on-pull_request,,,,
CE_lADOABUios7AR5LDzwAAAARbryS9,close_pull_request,2025-07-20T20:44:52Z,David Stansby,authored-by,30302,closed-on-pull_request,,,,
UNLE_lADOABUios7AR5LDzwAAAARc4X2Q,remove_label,2025-07-21T22:41:41Z,Elliott Sales de Andrade,authored-by,30302,unlabeled-on-pull_request,,,label,status: needs review
open_pull_30302,open_pull_request,2025-07-12T23:28:47Z,N R Navaneet,opened-by,30302,for-pull_request,,,,
C_kwDOABUiotoAKDkxYzBmNDg2OWQ1YzUyN2RiZWYzODdmNzJlOWFhMDQxY2VhYmViYjc,commit,2025-07-12T16:15:55Z,N R Navaneet,authored-by,91c0f4869d5c527dbef387f72e9aa041ceabebb7,sha,30299,committed-to-pull_request,,
C_kwDOABUiotoAKDE0ZTBmZTA0ZWIwYThlM2FhYjc1M2IzYzM2N2NiM2IzZGJlZDUzNzk,commit,2025-07-12T18:59:14Z,N R Navaneet,authored-by,14e0fe04eb0a8e3aab753b3c367cb3b3dbed5379,sha,30299,committed-to-pull_request,,
C_kwDOABUiotoAKGFkZjZmODYwZTc1ZGYzOGQ1NjZkZTUzODliMGU3ZDdkMDEwNzIyZjc,commit,2025-07-12T22:16:42Z,N R Navaneet,authored-by,adf6f860e75df38d566de5389b0e7d7d010722f7,sha,30301,committed-to-pull_request,,
LE_lADOABUios7ARqzXzwAAAARUyHdW,add_label,2025-07-12T22:28:37Z,github-actions[bot],authored-by,30301,labeled-on-pull_request,,,label,topic: pyplot API
LE_lADOABUios7ARqzXzwAAAARUyHdY,add_label,2025-07-12T22:28:37Z,github-actions[bot],authored-by,30301,labeled-on-pull_request,,,label,topic: legend
C_kwDOABUiotoAKDdlNDNmNDEwODVlMDUxZTA5ZmVmNmVhMTQ3ZmRkZWQxNTVjYjIyZjg,commit,2025-07-12T22:33:39Z,GitHub,authored-by,7e43f41085e051e09fef6ea147fdded155cb22f8,sha,30301,committed-to-pull_request,,
C_kwDOABUiotoAKDdkYzVlYWEzNThmOGZiZTFhNzk1NGIxN2ExMGViZTM2M2I0OGQ4NDM,commit,2025-07-12T22:38:49Z,N R Navaneet,authored-by,7dc5eaa358f8fbe1a7954b17a10ebe363b48d843,sha,30301,committed-to-pull_request,,
RTE_lADOABUios7ARqzXzwAAAARUyUGu,rename_pull_request,2025-07-12T22:39:59Z,N R Navaneet,change-issued-by,30301,for-pull-request,,,renamed-to,[MNT] Typing: Use Literal for set_loglevel
IC_kwDOABUios62wfUe,comment_pull_request,2025-07-12T22:46:57Z,N R Navaneet,commented-by,30301,on-pull-request,,,comment,"Hi @timhoffm 
I‚Äôm still learning and fairly new to contributing. I initially tried addressing all three parts of the issue but ran into a few problems. So I‚Äôve decided to focus on fixing one part at a time to keep things clean and manageable.
Please let me know if anything needs adjusting. I really appreciate the guidance"
C_kwDOABUiotoAKGNmMWE3MGNkOTgxYmE3MzA1ZDAyNTI0N2Y3NTgxZGI4ZjMwYTk3MTY,commit,2025-07-12T22:48:39Z,N R Navaneet,authored-by,cf1a70cd981ba7305d025247f7581db8f30a9716,sha,30301,committed-to-pull_request,,
C_kwDOABUiotoAKDkyYjY5ZjcyYmZjNjYwNTI3YmE3ZjUxMWVhZmY4NGZhNGQ5ODM4MTM,commit,2025-07-12T22:55:28Z,N R Navaneet,authored-by,92b69f72bfc660527ba7f511eaff84fa4d983813,sha,30301,committed-to-pull_request,,
IC_kwDOABUios62wnZu,comment_pull_request,2025-07-12T23:00:00Z,N R Navaneet,commented-by,30301,on-pull-request,,,comment,"Hi, I wanted to clarify an issue I‚Äôm currently facing.

As part of the initial changes, I had created a temporary script tools/update_rcparam_typing.py to help with regenerating the RcParamKeyType block. I‚Äôve since removed the file from the project, but it still appears in the PR history as both added and deleted, causing the CI check to fail.

I‚Äôve tried resolving it, but I haven‚Äôt been able to fix it successfully. I‚Äôd really appreciate any guidance on how to clean this up properly, should I rebase and drop that commit, or is there a preferred approach for this situation?

Thanks so much for your patience and support!"
CE_lADOABUios7ARqzXzwAAAARUyz8d,close_pull_request,2025-07-12T23:01:18Z,N R Navaneet,authored-by,30301,closed-on-pull_request,,,,
open_pull_30301,open_pull_request,2025-07-12T22:28:28Z,N R Navaneet,opened-by,30301,for-pull_request,,,,
LE_lADOABUios7AQdJ2zwAAAARUrlS9,add_label,2025-07-12T16:18:14Z,github-actions[bot],authored-by,30299,labeled-on-pull_request,,,label,topic: legend
IC_kwDOABUios62vSwe,comment_pull_request,2025-07-12T16:46:59Z,Ruth Comer,commented-by,30299,on-pull-request,,,comment,"Thanks for the PR.  I tried your branch with the example code from the issue and got this:

<img width=""500"" height=""500"" alt=""image"" src=""https://github.com/user-attachments/assets/7fff89d0-8d4e-411a-a83d-ff1a4db81106"" />

We still have no label showing for the top right panel and the one for the bottom right panel is now black.  I think they should both be blue."
IC_kwDOABUios62vWZN,comment_pull_request,2025-07-12T16:55:03Z,N R Navaneet,commented-by,30299,on-pull-request,,,comment,"Thanks for testing this out and for the helpful feedback, @rcomer!

I‚Äôll take a closer look at the color resolution logic, especially around how get_facecolor and get_edgecolor interact in these scenarios. As you noted, switching to or including get_edgecolor might resolve this more cleanly.

I‚Äôll push a follow-up commit shortly to address this, thanks again for the detailed insights!"
IC_kwDOABUios62vwth,comment_pull_request,2025-07-12T19:08:28Z,N R Navaneet,commented-by,30299,on-pull-request,,,comment,"Thanks again for the helpful feedback, @rcomer !

I‚Äôve made the changes now. Specifically, I updated the logic to check for transparent or missing facecolors (like in outline scatter plots or step histograms) and fall back to using the edgecolor instead as you suggested. This should fix the issue with missing or incorrect legend label colors in those cases.

You can use the following script to visually confirm that the labels now pick up the expected colors across all four plot types:

Let me know if this works better now!


```python
import matplotlib.pyplot as plt
import numpy as np

fig, axes = plt.subplots(2, 2, figsize=(8, 8))
x = np.random.randn(1000)
y = np.random.randn(1000)

# Top Left: Filled Histogram
axes[0, 0].hist(x, histtype='bar', label=""filled hist"", color='C0')
axes[0, 0].legend(labelcolor='linecolor')
axes[0, 0].set_title(""Filled Histogram"")

# Top Right: Step Histogram (edge only)
axes[0, 1].hist(x, histtype='step', label=""step hist"")
axes[0, 1].legend(labelcolor='linecolor')
axes[0, 1].set_title(""Step Histogram"")

# Bottom Left: Filled Scatter Plot
axes[1, 0].scatter(x, y, label=""filled scatter"", color='C2')
axes[1, 0].legend(labelcolor='linecolor')
axes[1, 0].set_title(""Filled Scatter Plot"")

# Bottom Right: Outline Scatter Plot
axes[1, 1].scatter(x, y, label=""outline scatter"", facecolors='none', edgecolors='C3')
axes[1, 1].legend(labelcolor='linecolor')
axes[1, 1].set_title(""Outline Scatter Plot"")

fig.suptitle(""Legend Labelcolor='linecolor' ‚Äì Visual Test"")
plt.tight_layout()
plt.show()
```"
RTE_lADOABUios7AQdJ2zwAAAARUukKp,rename_pull_request,2025-07-12T19:10:50Z,N R Navaneet,change-issued-by,30299,for-pull-request,,,renamed-to,"Fix legend labelcolor=‚Äòlinecolor‚Äô to handle all cases, including step plots and transparent markers"
3013669161,comment_review,2025-07-12T23:17:33Z,Lukas Hergt,commented-by,30299,for-pull-request,,,,
IC_kwDOABUios62w8-F,comment_pull_request,2025-07-13T00:10:25Z,Lukas Hergt,commented-by,30299,on-pull-request,,,comment,"This might go beyond this PR, but a few more failing examples:

```python
import numpy as np
import matplotlib.pyplot as plt
plt.rcParams['legend.loc'] = 1
plt.rcParams['legend.framealpha'] = 1

x = np.linspace(0, 1, 10)

plt.plot(x, -x-0, 'o', c='None',            label=""invisible"")
plt.plot(x, -x-1, 'o',   c='b', mfc='None', label=""matching handle and label color"")
plt.plot(x, -x-2, 'o', mec='r', mfc='None', label=""NOT MATCHING HANDLE AND LABEL COLOR!!!"")
plt.plot(x, -x-3, 'o',   c='g', mec='None', label=""again matching"")
plt.plot(x, -x-4, 'o', mfc='m', mec='None', label=""AGAIN NOT MATCHING!!!"")

plt.scatter(x, -x-5,  c='None',             label=""OH NO, i AM VISIBLE!!!"")
plt.scatter(x, -x-6,    ec='y',  fc='None', label=""yay, I work now"")
plt.scatter(x, -x-7,    fc='c',  ec='None', label=""yay, I still work"")

plt.legend(labelcolor='linecolor')
```

<img width=""546"" height=""413"" alt=""image"" src=""https://github.com/user-attachments/assets/b975e93b-6639-4c2e-a47a-93aff6886aaf"" />

Note the two failing cases `'r'` and `'m'`. However, note also the perfectly working alternatives `'b'` and `'g'`. 
"
IC_kwDOABUios62w96w,comment_pull_request,2025-07-13T00:17:41Z,N R Navaneet,commented-by,30299,on-pull-request,,,comment,"Thanks, man, nice examples you‚Äôve got there üòÇ, they really helped clarify the edge cases! I‚Äôm actively working on addressing these inconsistencies (especially the mismatched mfc/mec ones like ‚Äòr‚Äô and ‚Äòm‚Äô), and I‚Äôll get back to you once I have a solid fix in place. Appreciate the detailed test cases! üôå"
3013711417,comment_review,2025-07-13T00:41:20Z,Lukas Hergt,commented-by,30299,for-pull-request,,,,
C_kwDOABUiotoAKDdmNjRiYTk3N2ZkM2RhYjIzZjNiN2ZiNjEzYzIyOTE2YTU0YTBlNmM,commit,2025-07-13T12:41:31Z,N R Navaneet,authored-by,7f64ba977fd3dab23f3b7fb613c22916a54a0e6c,sha,30299,committed-to-pull_request,,
C_kwDOABUiotoAKGUyNmUyZTk1YzI3NzM2YWUyZjZhMmJlZjRjYzIyOTg0OGRkNDI2ODU,commit,2025-07-13T12:46:27Z,N R Navaneet,authored-by,e26e2e95c27736ae2f6a2bef4cc229848dd42685,sha,30299,committed-to-pull_request,,
IC_kwDOABUios62zysm,comment_pull_request,2025-07-13T12:50:44Z,N R Navaneet,commented-by,30299,on-pull-request,,,comment,"Hey! I‚Äôve made the changes as discussed, and all the related tests are now passing

1. I had to update the colour_getters logic and modify a few tests where the check was comparing the full color array. Since the updated logic uses the first valid color in some cases (like gradients or arrays), I updated those tests accordingly.
2. I‚Äôve also added the ValueError handling to catch invalid labelcolor inputs like 'not-a-color'.
3. On top of that, I created several new test functions at the end to cover a wide range of edge cases, including transparent colors, None, mixed facecolors, missing labels, empty color arrays, etc.

I‚Äôve tried to ensure everything is correct, but I might‚Äôve missed something. Feel free to point it out if so! 
"
C_kwDOABUiotoAKDI4YmE1NjRjN2YzMmVmMDlkOGI3NjBmNTJkYmU1MjIyMjFkNDg0ZDg,commit,2025-07-13T12:55:26Z,N R Navaneet,authored-by,28ba564c7f32ef09d8b760f52dbe522221d484d8,sha,30299,committed-to-pull_request,,
C_kwDOABUiotoAKDJiZDEzYzA5ODlkOTRkN2NiMTQ5NmU3MmJmMjhhNmEyYzZlY2JkNjk,commit,2025-07-13T12:55:30Z,N R Navaneet,authored-by,2bd13c0989d94d7cb1496e72bf28a6a2c6ecbd69,sha,30299,committed-to-pull_request,,
C_kwDOABUiotoAKDEyMjI3YjkzODE2Y2ZlOWU3ZjEzZDdlYWRkOWMwMDdjMWIzOWY5Njc,commit,2025-07-13T12:56:18Z,N R Navaneet,authored-by,12227b93816cfe9e7f13d7eadd9c007c1b39f967,sha,30299,committed-to-pull_request,,
IC_kwDOABUios62zz1b,comment_pull_request,2025-07-13T13:00:25Z,N R Navaneet,commented-by,30299,on-pull-request,,,comment,"I accidentally added the test file and removed it. This created the cleanliness error. Im unable to resolve the issue. Any tips or advices would be helpful
"
3014186359,comment_review,2025-07-13T16:41:08Z,Lukas Hergt,commented-by,30299,for-pull-request,,,,
C_kwDOABUiotoAKGM2YmM1N2ZkZmY5ZmMzNjA3NjRhM2U3ODFlMDFiMDYxYjdlOWE4Mjc,commit,2025-07-14T13:02:00Z,N R Navaneet,authored-by,c6bc57fdff9fc360764a3e781e01b061b7e9a827,sha,30299,committed-to-pull_request,,
C_kwDOABUiotoAKDkwZDJkNDUwYjg1ZjhlNjNmZmYyMjgzMmE5OGZlOGNkNjcyZDMzYWY,commit,2025-07-14T14:22:46Z,N R Navaneet,authored-by,90d2d450b85f8e63fff22832a98fe8cd672d33af,sha,30299,committed-to-pull_request,,
IC_kwDOABUios62-iYv,comment_pull_request,2025-07-14T14:35:39Z,N R Navaneet,commented-by,30299,on-pull-request,,,comment,"Hey, ive tried fixing all the issues uve asked, kindly know if im wrong. 
Thank you.
@rcomer any help regarding the pr cleanliness would be helpful"
IC_kwDOABUios62-ygp,comment_pull_request,2025-07-14T14:55:11Z,Jody Klymak,commented-by,30299,on-pull-request,,,comment,@nrnavaneet have a look at a tutorial on squashing your commits.  If you've not done it before be sure to make a backup git branch.  The stack overflow answers here are useful https://stackoverflow.com/questions/5189560/how-do-i-squash-my-last-n-commits-together
open_pull_30299,open_pull_request,2025-07-12T16:18:03Z,N R Navaneet,opened-by,30299,for-pull_request,,,,
C_kwDOABUiotoAKGJlMzY1OTY2Nzk1MjgwZDA3YjE3MWU0N2VmMThjMDBkM2NkMzBhZTk,commit,2025-07-12T02:18:26Z,GitHub,authored-by,be365966795280d07b171e47ef18c00d3cd30ae9,sha,30297,committed-to-pull_request,,
LE_lADOABUios7ANSElzwAAAARUcJUn,add_label,2025-07-12T02:32:48Z,github-actions[bot],authored-by,30297,labeled-on-pull_request,,,label,topic: text
CE_lADOABUios7ANSElzwAAAARUcJ68,close_pull_request,2025-07-12T02:33:18Z,Narender Singh,authored-by,30297,closed-on-pull_request,,,,
LE_lADOABUios7ANSElzwAAAARUiF4g,add_label,2025-07-12T08:07:44Z,Ruth Comer,authored-by,30297,labeled-on-pull_request,,,label,status: duplicate
open_pull_30297,open_pull_request,2025-07-12T02:32:39Z,Narender Singh,opened-by,30297,for-pull_request,,,,
C_kwDOABUiotoAKDcwZTE4NDhhZTk5MzYxM2VhNTQ3ZTFiYmY2ZWNhNGY5MGVkYzA3MTM,commit,2025-07-11T18:38:42Z,Narendersingh007,authored-by,70e1848ae993613ea547e1bbf6eca4f90edc0713,sha,30295,committed-to-pull_request,,
LE_lADOABUios7AKIhTzwAAAARUMAkJ,add_label,2025-07-11T18:48:19Z,github-actions[bot],authored-by,30295,labeled-on-pull_request,,,label,topic: text
3011538400,comment_review,2025-07-11T18:52:09Z,github-actions[bot],commented-by,30295,for-pull-request,,,,
IC_kwDOABUios62mvJ7,comment_pull_request,2025-07-11T19:52:52Z,Ruth Comer,commented-by,30295,on-pull-request,,,comment,"Thank you for your enthusiasm to contribute.  However, I think that the buggy behaviour described in #30276 is a pretty narrow edge case.  So discussing it here in the docstring may just confuse the general user.

Also, with Matplotlib v3.10.3 I see the same behaviour whether I set the axis limits before or after setting the clip path.  Do you see different behaviours with another version?"
IC_kwDOABUios62qG0y,comment_pull_request,2025-07-12T01:47:30Z,Narender Singh,commented-by,30295,on-pull-request,,,comment,"Thanks for the feedback!

You're right ‚Äî this is definitely an edge case and I understand the concern about overloading the docstring. I originally chose to document this because it came up in multiple discussions including #28717 and #30276, where users experienced misalignment after `set_clip_path()` with axis limit changes.

I tested this on Matplotlib versions:
- 3.8.2: Clipping breaks if `set_xlim()` is used *after* `set_clip_path()`.
- 3.10.3: Seems to behave more consistently (possibly fixed or improved?).

So this may indeed be version-dependent, or possibly backend/environment-specific.

Would it make sense to instead:
- Move this into a **note in the FAQ or examples gallery**, or
- Add a warning/example in a **tutorial or `axvspan`/annotation usage guide** rather than the `Annotation` docstring itself?

Open to suggestions on where it fits best ‚Äî happy to revise or close if not suitable here."
IC_kwDOABUios62r5dg,comment_pull_request,2025-07-12T08:54:53Z,Ruth Comer,commented-by,30295,on-pull-request,,,comment,"Note that https://github.com/matplotlib/matplotlib/issues/28717 and https://github.com/matplotlib/matplotlib/issues/30276 were opened by the same person and one issue is explicitly a follow-up of the other.  Have you seen the problem come up elsewhere?

I think the work to do for #30276 is to establish what the correct behaviour should be and why I get different behaviour from the OP.  Questions about if, how and where it should be documented can come after that.

If you are interested in writing documentation more generally, we welcome that and have [a lot of documentation issues open](https://github.com/matplotlib/matplotlib/issues?q=is%3Aissue%20state%3Aopen%20label%3ADocumentation).  If you are using AI to help you in your contributions, please also read
https://matplotlib.org/devdocs/devel/contribute.html#restrictions-on-generative-ai-usage
"
IC_kwDOABUios62sIUF,comment_pull_request,2025-07-12T10:02:39Z,Ruth Comer,commented-by,30295,on-pull-request,,,comment,"With v3.8.2, the clipping does not work at all for me:

```python
import matplotlib.pyplot as plt

fig, ax = plt.subplots()
rect = ax.axvspan(2, 3.05, ymin=0, ymax=1, color='red', alpha=0.5)
ann = ax.annotate(""Hello"", xy=(3, 0.5), xycoords=(""data"", ""axes fraction""),
                  xytext=(0, 0), textcoords=""offset points"", va=""center"", clip_on=True)
ann.set_clip_path(rect)

plt.show()
```
<img width=""640"" height=""480"" alt=""image"" src=""https://github.com/user-attachments/assets/2f388b72-88fe-492d-9b29-eac90444d79a"" />
"
CE_lADOABUios7AKIhTzwAAAARU7pLS,close_pull_request,2025-07-13T10:38:07Z,Narender Singh,authored-by,30295,closed-on-pull_request,,,,
open_pull_30295,open_pull_request,2025-07-11T18:48:05Z,Narender Singh,opened-by,30295,for-pull_request,,,,
C_kwDOABUiotoAKDc0ZDg2MzJmYTcxYWFkYzIxMDM3ZGU3NzYyODRlMjZhYTRjMjM1MWQ,commit,2025-07-11T18:11:42Z,MeeseeksDev[bot],authored-by,74d8632fa71aadc21037de776284e26aa4c2351d,sha,30294,committed-to-pull_request,,
LE_lADOABUios7AJyxrzwAAAARUKKnt,add_label,2025-07-11T18:11:44Z,lumberbot-app[bot],authored-by,30294,labeled-on-pull_request,,,label,Documentation
ME_lADOABUios7AJyxrzwAAAARUK5NG,merge_pull_request,2025-07-11T18:25:44Z,Ruth Comer,authored-by,30294,merged-on-pull_request,,,,
CE_lADOABUios7AJyxrzwAAAARUK5Nc,close_pull_request,2025-07-11T18:25:44Z,Ruth Comer,authored-by,30294,closed-on-pull_request,,,,
open_pull_30294,open_pull_request,2025-07-11T18:11:43Z,Lumberbot (aka Jack),opened-by,30294,for-pull_request,,,,
C_kwDOABUiotoAKDYyZDVjODMyZGU2OWNiZTRlZThjYTZiOTZhYTQwYmVhMWViMjk5MmM,commit,2025-07-11T18:11:35Z,MeeseeksDev[bot],authored-by,62d5c832de69cbe4ee8ca6b96aa40bea1eb2992c,sha,30293,committed-to-pull_request,,
LE_lADOABUios7AJyu4zwAAAARUKKWC,add_label,2025-07-11T18:11:38Z,lumberbot-app[bot],authored-by,30293,labeled-on-pull_request,,,label,Documentation
ME_lADOABUios7AJyu4zwAAAARUVcNK,merge_pull_request,2025-07-11T21:58:31Z,Elliott Sales de Andrade,authored-by,30293,merged-on-pull_request,,,,
CE_lADOABUios7AJyu4zwAAAARUVcNT,close_pull_request,2025-07-11T21:58:31Z,Elliott Sales de Andrade,authored-by,30293,closed-on-pull_request,,,,
open_pull_30293,open_pull_request,2025-07-11T18:11:37Z,Lumberbot (aka Jack),opened-by,30293,for-pull_request,,,,
C_kwDOABUiotoAKGQyZDk2OWVmOWQwMTI5NzcyOGMxNWMwZmRmYTk1Nzg1MjIwMTgzNGI,commit,2025-07-11T05:30:39Z,Elliott Sales de Andrade,authored-by,d2d969ef9d01297728c15c0fdfa957852201834b,sha,30289,committed-to-pull_request,,
LE_lADOABUios7ABlU2zwAAAARTZkcj,add_label,2025-07-11T05:50:58Z,Elliott Sales de Andrade,authored-by,30289,labeled-on-pull_request,,,label,Documentation
3011406931,approve_review,2025-07-11T18:02:51Z,Thomas A Caswell,approved-by,30289,for-pull-request,,,,
ME_lADOABUios7ABlU2zwAAAARUKIwC,merge_pull_request,2025-07-11T18:11:06Z,hannah,authored-by,30289,merged-on-pull_request,,,,
CE_lADOABUios7ABlU2zwAAAARUKIwh,close_pull_request,2025-07-11T18:11:07Z,hannah,authored-by,30289,closed-on-pull_request,,,,
open_pull_30289,open_pull_request,2025-07-11T05:50:56Z,Elliott Sales de Andrade,opened-by,30289,for-pull_request,,,,
C_kwDOABUiotoAKGNiMjNlNWYyZDE1YzAyYmRhMTZjZTZlZmEwYWI0MDQ2Y2JjMmIwMDE,commit,2025-07-11T02:31:16Z,MeeseeksDev[bot],authored-by,cb23e5f2d15c02bda16ce6efa0ab4046cbc2b001,sha,30288,committed-to-pull_request,,
LE_lADOABUios7AAMEEzwAAAARTR63H,add_label,2025-07-11T02:31:18Z,lumberbot-app[bot],authored-by,30288,labeled-on-pull_request,,,label,Documentation: examples
LE_lADOABUios7AAMEEzwAAAARTR63J,add_label,2025-07-11T02:31:18Z,lumberbot-app[bot],authored-by,30288,labeled-on-pull_request,,,label,Documentation: tutorials
IC_kwDOABUios62qqmF,comment_pull_request,2025-07-12T04:10:38Z,Elliott Sales de Andrade,commented-by,30288,on-pull-request,,,comment,"Build failure is unrelated, due to the `pybind11` upgrade which is already fixed."
ME_lADOABUios7AAMEEzwAAAARUd4Wo,merge_pull_request,2025-07-12T04:10:43Z,Elliott Sales de Andrade,authored-by,30288,merged-on-pull_request,,,,
CE_lADOABUios7AAMEEzwAAAARUd4Wz,close_pull_request,2025-07-12T04:10:43Z,Elliott Sales de Andrade,authored-by,30288,closed-on-pull_request,,,,
open_pull_30288,open_pull_request,2025-07-11T02:31:17Z,Lumberbot (aka Jack),opened-by,30288,for-pull_request,,,,
C_kwDOABUiotoAKDNhYTE0MTcyMDYzNmU1NDhlMmNkODNmOGE4MWMwYWMyMzZjZDhhOTc,commit,2025-07-11T02:28:01Z,MeeseeksDev[bot],authored-by,3aa141720636e548e2cd83f8a81c0ac236cd8a97,sha,30287,committed-to-pull_request,,
LE_lADOABUios7AAKdnzwAAAARTRzN3,add_label,2025-07-11T02:28:03Z,lumberbot-app[bot],authored-by,30287,labeled-on-pull_request,,,label,Maintenance
LE_lADOABUios7AAKdnzwAAAARTRzN6,add_label,2025-07-11T02:28:03Z,lumberbot-app[bot],authored-by,30287,labeled-on-pull_request,,,label,PR: bugfix
LE_lADOABUios7AAKdnzwAAAARTRzOu,add_label,2025-07-11T02:28:03Z,Lumberbot (aka Jack),authored-by,30287,labeled-on-pull_request,,,label,Maintenance
LE_lADOABUios7AAKdnzwAAAARTRzPG,add_label,2025-07-11T02:28:04Z,Lumberbot (aka Jack),authored-by,30287,labeled-on-pull_request,,,label,PR: bugfix
IC_kwDOABUios62qrXk,comment_pull_request,2025-07-12T04:11:54Z,Elliott Sales de Andrade,commented-by,30287,on-pull-request,,,comment,"Build failure is unrelated; it's due to the pybind11 update, which is fixed elsewhere."
ME_lADOABUios7AAKdnzwAAAARUerZC,merge_pull_request,2025-07-12T05:04:05Z,Elliott Sales de Andrade,authored-by,30287,merged-on-pull_request,,,,
CE_lADOABUios7AAKdnzwAAAARUerZJ,close_pull_request,2025-07-12T05:04:05Z,Elliott Sales de Andrade,authored-by,30287,closed-on-pull_request,,,,
open_pull_30287,open_pull_request,2025-07-11T02:28:02Z,Lumberbot (aka Jack),opened-by,30287,for-pull_request,,,,
3007502785,comment_review,2025-07-10T21:50:43Z,github-actions[bot],commented-by,30286,for-pull-request,,,,
3007587583,comment_review,2025-07-10T22:23:19Z,Elliott Sales de Andrade,commented-by,30286,for-pull-request,,,,
C_kwDOABUiotoAKGQ3YzVjNjc3MGJlNTdhNmI4YmQ3ODdmYmI0M2NjZjVjOTU0YzhjZGE,commit,2025-07-10T22:53:47Z,Brian Christian,authored-by,d7c5c6770be57a6b8bd787fbb43ccf5c954c8cda,sha,30286,committed-to-pull_request,,
3008208688,approve_review,2025-07-11T02:17:03Z,hannah,approved-by,30286,for-pull-request,,,,
LE_lADOABUios6_-XqYzwAAAARTRsmu,add_label,2025-07-11T02:25:42Z,Elliott Sales de Andrade,authored-by,30286,labeled-on-pull_request,,,label,Maintenance
LE_lADOABUios6_-XqYzwAAAARTRsm3,add_label,2025-07-11T02:25:42Z,Elliott Sales de Andrade,authored-by,30286,labeled-on-pull_request,,,label,PR: bugfix
3008247014,approve_review,2025-07-11T02:27:28Z,Elliott Sales de Andrade,approved-by,30286,for-pull-request,,,,
ME_lADOABUios6_-XqYzwAAAARTRyEz,merge_pull_request,2025-07-11T02:27:38Z,Elliott Sales de Andrade,authored-by,30286,merged-on-pull_request,,,,
CE_lADOABUios6_-XqYzwAAAARTRyE_,close_pull_request,2025-07-11T02:27:38Z,Elliott Sales de Andrade,authored-by,30286,closed-on-pull_request,,,,
IC_kwDOABUios62ZN29,comment_pull_request,2025-07-11T02:27:52Z,Elliott Sales de Andrade,commented-by,30286,on-pull-request,,,comment,Thanks @brchristian! Congratulations on your first PR to Matplotlib :tada: We hope to hear from you again. 
open_pull_30286,open_pull_request,2025-07-10T21:46:11Z,Brian Christian,opened-by,30286,for-pull_request,,,,
C_kwDOABUiotoAKDFjYTIxMzZiYTczNjc0NGM1YmIwNTYwNjNlNTU2NzI5MWEzNTBmNzQ,commit,2025-07-10T13:30:57Z,IdiotCoffee,authored-by,1ca2136ba736744c5bb056063e5567291a350f74,sha,30283,committed-to-pull_request,,
LE_lADOABUios6_5BFCzwAAAARSolVc,add_label,2025-07-10T13:34:09Z,github-actions[bot],authored-by,30283,labeled-on-pull_request,,,label,Documentation: examples
3005739417,comment_review,2025-07-10T13:38:21Z,github-actions[bot],commented-by,30283,for-pull-request,,,,
IC_kwDOABUios62RaKw,comment_pull_request,2025-07-10T15:49:14Z,Tim Hoffmann,commented-by,30283,on-pull-request,,,comment,"Thanks, please also change here: https://github.com/matplotlib/matplotlib/blob/93a421e9c43b8f4a69e64d0615ba20e7f5616670/galleries/tutorials/index.rst?plain=1#L10"
C_kwDOABUiotoAKGM2Nzk4Y2U4OGJkMjBmZDYyNDA5MGQ4NjdiOTkyNWEwM2VkMmRiNzk,commit,2025-07-11T01:52:16Z,IdiotCoffee,authored-by,c6798ce88bd20fd624090d867b9925a03ed2db79,sha,30283,committed-to-pull_request,,
LE_lADOABUios6_5BFCzwAAAARTQZ2o,add_label,2025-07-11T01:53:01Z,github-actions[bot],authored-by,30283,labeled-on-pull_request,,,label,Documentation: tutorials
3008256133,approve_review,2025-07-11T02:30:18Z,Elliott Sales de Andrade,approved-by,30283,for-pull-request,,,,
ME_lADOABUios6_5BFCzwAAAARTR6nT,merge_pull_request,2025-07-11T02:31:10Z,Elliott Sales de Andrade,authored-by,30283,merged-on-pull_request,,,,
CE_lADOABUios6_5BFCzwAAAARTR6nb,close_pull_request,2025-07-11T02:31:11Z,Elliott Sales de Andrade,authored-by,30283,closed-on-pull_request,,,,
IC_kwDOABUios62ZTET,comment_pull_request,2025-07-11T02:31:27Z,Elliott Sales de Andrade,commented-by,30283,on-pull-request,,,comment,Thanks @IdiotCoffee! Congratulations on your first PR to Matplotlib :tada: We hope to hear from you again. 
open_pull_30283,open_pull_request,2025-07-10T13:33:58Z,Ishaan Mavinkurve,opened-by,30283,for-pull_request,,,,
C_kwDOABUiotoAKDc0MzJlZjQ0ZjAwMjNkMzdhNGUzY2MxMGJlMWUzZjkwOThjZTk5YTI,commit,2025-07-10T02:21:52Z,Elliott Sales de Andrade,authored-by,7432ef44f0023d37a4e3cc10be1e3f9098ce99a2,sha,30281,committed-to-pull_request,,
LE_lADOABUios6_yY6DzwAAAARSDczF,add_label,2025-07-10T02:25:30Z,github-actions[bot],authored-by,30281,labeled-on-pull_request,,,label,topic: axes
LE_lADOABUios6_yY6DzwAAAARSDczO,add_label,2025-07-10T02:25:30Z,github-actions[bot],authored-by,30281,labeled-on-pull_request,,,label,topic: tri
LE_lADOABUios6_yY6DzwAAAARSDczR,add_label,2025-07-10T02:25:30Z,github-actions[bot],authored-by,30281,labeled-on-pull_request,,,label,Documentation: user guide
LE_lADOABUios6_yY6DzwAAAARSDczV,add_label,2025-07-10T02:25:30Z,github-actions[bot],authored-by,30281,labeled-on-pull_request,,,label,Documentation: API
LE_lADOABUios6_yY6DzwAAAARSDdEc,add_label,2025-07-10T02:25:38Z,Elliott Sales de Andrade,authored-by,30281,labeled-on-pull_request,,,label,Maintenance
3005696229,approve_review,2025-07-10T13:26:38Z,Oscar Gustafsson,approved-by,30281,for-pull-request,,,,
3006315885,approve_review,2025-07-10T15:43:45Z,Tim Hoffmann,approved-by,30281,for-pull-request,,,,
IC_kwDOABUios62RVu0,comment_pull_request,2025-07-10T15:45:31Z,Tim Hoffmann,commented-by,30281,on-pull-request,,,comment,"> One may argue if PR titles should be corrected as that was the name of the PR merged, but apart from that looks good. (And not sure I will argue.)

We have rejected this before in other PR's, but since @QuLogic has taken the effort to update the PR titles in GitHub, that's fine. Not sure whether I'd have spent the time, but we're now in a nice and clean state."
ME_lADOABUios6_yY6DzwAAAARSzEcI,merge_pull_request,2025-07-10T15:45:37Z,Tim Hoffmann,authored-by,30281,merged-on-pull_request,,,,
CE_lADOABUios6_yY6DzwAAAARSzEdj,close_pull_request,2025-07-10T15:45:38Z,Tim Hoffmann,authored-by,30281,closed-on-pull_request,,,,
open_pull_30281,open_pull_request,2025-07-10T02:25:21Z,Elliott Sales de Andrade,opened-by,30281,for-pull_request,,,,
